min,max
-0.999989,0.999977
-1.575959,1.371061
0.0,0.0
-0.999996,0.999946
-1.792331,1.491409
0.0,0.0
