min,max
-0.999919,0.999903
-1.986503,1.87075
0.0,0.0
-0.999992,0.999992
-0.989688,1.56216
0.0,0.0
