min,max
-0.99899,0.99998
-1.799526,1.963764
0.0,0.0
-0.999983,0.999984
-1.404552,1.966397
0.0,0.0
